i_adr,i_guide,t_adr_sec,t_guide_sec
0,0,0.000000,0.000000
1,1,0.010000,0.010000
2,2,0.020000,0.020000
3,3,0.030000,0.030000
4,4,0.040000,0.040000
5,5,0.050000,0.050000
6,6,0.060000,0.060000
7,7,0.070000,0.070000
8,8,0.080000,0.080000
9,8,0.090000,0.080000
10,8,0.100000,0.080000
11,9,0.110000,0.090000
12,10,0.120000,0.100000
13,11,0.130000,0.110000
14,12,0.140000,0.120000
15,13,0.150000,0.130000
16,14,0.160000,0.140000
17,15,0.170000,0.150000
18,16,0.180000,0.160000
19,17,0.190000,0.170000
20,18,0.200000,0.180000
21,18,0.210000,0.180000
22,19,0.220000,0.190000
23,20,0.230000,0.200000
24,21,0.240000,0.210000
25,22,0.250000,0.220000
26,23,0.260000,0.230000
27,24,0.270000,0.240000
28,25,0.280000,0.250000
29,26,0.290000,0.260000
30,27,0.300000,0.270000
31,28,0.310000,0.280000
32,29,0.320000,0.290000
33,30,0.330000,0.300000
34,31,0.340000,0.310000
35,32,0.350000,0.320000
36,33,0.360000,0.330000
37,34,0.370000,0.340000
38,35,0.380000,0.350000
39,36,0.390000,0.360000
40,37,0.400000,0.370000
41,38,0.410000,0.380000
42,39,0.420000,0.390000
43,39,0.430000,0.390000
44,40,0.440000,0.400000
45,41,0.450000,0.410000
46,42,0.460000,0.420000
47,43,0.470000,0.430000
48,44,0.480000,0.440000
49,45,0.490000,0.450000
50,46,0.500000,0.460000
51,47,0.510000,0.470000
52,48,0.520000,0.480000
53,49,0.530000,0.490000
54,50,0.540000,0.500000
55,51,0.550000,0.510000
56,52,0.560000,0.520000
57,53,0.570000,0.530000
58,54,0.580000,0.540000
59,55,0.590000,0.550000
60,56,0.600000,0.560000
61,57,0.610000,0.570000
62,58,0.620000,0.580000
63,59,0.630000,0.590000
64,60,0.640000,0.600000
65,61,0.650000,0.610000
66,62,0.660000,0.620000
67,63,0.670000,0.630000
68,64,0.680000,0.640000
69,65,0.690000,0.650000
70,66,0.700000,0.660000
71,67,0.710000,0.670000
72,68,0.720000,0.680000
73,69,0.730000,0.690000
74,70,0.740000,0.700000
75,71,0.750000,0.710000
76,72,0.760000,0.720000
77,73,0.770000,0.730000
78,74,0.780000,0.740000
79,75,0.790000,0.750000
80,76,0.800000,0.760000
81,77,0.810000,0.770000
82,78,0.820000,0.780000
83,79,0.830000,0.790000
84,80,0.840000,0.800000
85,81,0.850000,0.810000
86,82,0.860000,0.820000
87,83,0.870000,0.830000
88,84,0.880000,0.840000
89,84,0.890000,0.840000
90,85,0.900000,0.850000
91,86,0.910000,0.860000
92,87,0.920000,0.870000
93,88,0.930000,0.880000
94,89,0.940000,0.890000
95,90,0.950000,0.900000
96,91,0.960000,0.910000
97,92,0.970000,0.920000
98,93,0.980000,0.930000
99,94,0.990000,0.940000
100,95,1.000000,0.950000
101,96,1.010000,0.960000
102,97,1.020000,0.970000
103,98,1.030000,0.980000
104,99,1.040000,0.990000
105,100,1.050000,1.000000
106,101,1.060000,1.010000
107,102,1.070000,1.020000
108,103,1.080000,1.030000
109,104,1.090000,1.040000
110,105,1.100000,1.050000
111,106,1.110000,1.060000
112,107,1.120000,1.070000
113,108,1.130000,1.080000
114,109,1.140000,1.090000
115,110,1.150000,1.100000
116,111,1.160000,1.110000
117,112,1.170000,1.120000
118,113,1.180000,1.130000
119,114,1.190000,1.140000
120,115,1.200000,1.150000
121,116,1.210000,1.160000
122,117,1.220000,1.170000
123,118,1.230000,1.180000
124,119,1.240000,1.190000
125,120,1.250000,1.200000
126,121,1.260000,1.210000
127,122,1.270000,1.220000
128,123,1.280000,1.230000
129,124,1.290000,1.240000
130,125,1.300000,1.250000
131,126,1.310000,1.260000
132,127,1.320000,1.270000
133,128,1.330000,1.280000
134,129,1.340000,1.290000
135,130,1.350000,1.300000
136,131,1.360000,1.310000
137,132,1.370000,1.320000
138,133,1.380000,1.330000
139,134,1.390000,1.340000
140,135,1.400000,1.350000
141,136,1.410000,1.360000
142,137,1.420000,1.370000
143,138,1.430000,1.380000
144,139,1.440000,1.390000
145,140,1.450000,1.400000
146,141,1.460000,1.410000
147,141,1.470000,1.410000
148,141,1.480000,1.410000
149,141,1.490000,1.410000
150,141,1.500000,1.410000
151,141,1.510000,1.410000
152,141,1.520000,1.410000
153,141,1.530000,1.410000
154,141,1.540000,1.410000
155,141,1.550000,1.410000
156,141,1.560000,1.410000
157,141,1.570000,1.410000
158,141,1.580000,1.410000
159,141,1.590000,1.410000
160,141,1.600000,1.410000
161,141,1.610000,1.410000
162,141,1.620000,1.410000
163,141,1.630000,1.410000
164,141,1.640000,1.410000
165,141,1.650000,1.410000
166,141,1.660000,1.410000
167,141,1.670000,1.410000
168,141,1.680000,1.410000
169,141,1.690000,1.410000
170,141,1.700000,1.410000
171,141,1.710000,1.410000
172,141,1.720000,1.410000
173,141,1.730000,1.410000
174,141,1.740000,1.410000
175,141,1.750000,1.410000
176,141,1.760000,1.410000
177,141,1.770000,1.410000
178,141,1.780000,1.410000
179,141,1.790000,1.410000
180,141,1.800000,1.410000
181,141,1.810000,1.410000
182,141,1.820000,1.410000
183,141,1.830000,1.410000
184,141,1.840000,1.410000
185,141,1.850000,1.410000
186,141,1.860000,1.410000
187,141,1.870000,1.410000
188,141,1.880000,1.410000
189,141,1.890000,1.410000
190,141,1.900000,1.410000
191,141,1.910000,1.410000
192,141,1.920000,1.410000
193,141,1.930000,1.410000
194,141,1.940000,1.410000
195,141,1.950000,1.410000
196,141,1.960000,1.410000
197,141,1.970000,1.410000
198,141,1.980000,1.410000
199,141,1.990000,1.410000
200,141,2.000000,1.410000
201,141,2.010000,1.410000
202,141,2.020000,1.410000
203,141,2.030000,1.410000
204,141,2.040000,1.410000
205,141,2.050000,1.410000
206,141,2.060000,1.410000
207,141,2.070000,1.410000
208,141,2.080000,1.410000
209,141,2.090000,1.410000
210,141,2.100000,1.410000
211,141,2.110000,1.410000
212,141,2.120000,1.410000
213,141,2.130000,1.410000
214,141,2.140000,1.410000
215,141,2.150000,1.410000
216,141,2.160000,1.410000
217,141,2.170000,1.410000
218,141,2.180000,1.410000
219,141,2.190000,1.410000
220,141,2.200000,1.410000
221,141,2.210000,1.410000
222,141,2.220000,1.410000
223,141,2.230000,1.410000
224,141,2.240000,1.410000
225,141,2.250000,1.410000
226,141,2.260000,1.410000
227,141,2.270000,1.410000
228,142,2.280000,1.420000
229,143,2.290000,1.430000
230,144,2.300000,1.440000
231,145,2.310000,1.450000
232,146,2.320000,1.460000
233,147,2.330000,1.470000
234,148,2.340000,1.480000
235,149,2.350000,1.490000
236,150,2.360000,1.500000
237,151,2.370000,1.510000
238,152,2.380000,1.520000
239,153,2.390000,1.530000
240,154,2.400000,1.540000
241,155,2.410000,1.550000
242,156,2.420000,1.560000
243,157,2.430000,1.570000
244,158,2.440000,1.580000
245,159,2.450000,1.590000
246,160,2.460000,1.600000
247,161,2.470000,1.610000
248,162,2.480000,1.620000
249,163,2.490000,1.630000
250,164,2.500000,1.640000
251,165,2.510000,1.650000
252,166,2.520000,1.660000
253,167,2.530000,1.670000
254,168,2.540000,1.680000
255,169,2.550000,1.690000
256,169,2.560000,1.690000
257,170,2.570000,1.700000
258,171,2.580000,1.710000
259,171,2.590000,1.710000
260,172,2.600000,1.720000
261,172,2.610000,1.720000
262,173,2.620000,1.730000
263,174,2.630000,1.740000
264,175,2.640000,1.750000
265,176,2.650000,1.760000
266,177,2.660000,1.770000
267,178,2.670000,1.780000
268,179,2.680000,1.790000
269,180,2.690000,1.800000
270,181,2.700000,1.810000
271,182,2.710000,1.820000
272,182,2.720000,1.820000
273,183,2.730000,1.830000
274,184,2.740000,1.840000
275,185,2.750000,1.850000
276,186,2.760000,1.860000
277,187,2.770000,1.870000
278,187,2.780000,1.870000
279,188,2.790000,1.880000
280,188,2.800000,1.880000
281,189,2.810000,1.890000
282,189,2.820000,1.890000
283,190,2.830000,1.900000
284,191,2.840000,1.910000
285,192,2.850000,1.920000
286,193,2.860000,1.930000
287,194,2.870000,1.940000
288,194,2.880000,1.940000
289,195,2.890000,1.950000
290,196,2.900000,1.960000
291,197,2.910000,1.970000
292,198,2.920000,1.980000
293,199,2.930000,1.990000
294,200,2.940000,2.000000
295,201,2.950000,2.010000
296,202,2.960000,2.020000
297,203,2.970000,2.030000
298,204,2.980000,2.040000
299,205,2.990000,2.050000
300,206,3.000000,2.060000
301,207,3.010000,2.070000
302,208,3.020000,2.080000
303,209,3.030000,2.090000
304,210,3.040000,2.100000
305,210,3.050000,2.100000
306,211,3.060000,2.110000
307,212,3.070000,2.120000
308,213,3.080000,2.130000
309,214,3.090000,2.140000
310,215,3.100000,2.150000
311,216,3.110000,2.160000
312,217,3.120000,2.170000
313,218,3.130000,2.180000
314,219,3.140000,2.190000
315,220,3.150000,2.200000
316,221,3.160000,2.210000
317,222,3.170000,2.220000
318,222,3.180000,2.220000
319,223,3.190000,2.230000
320,224,3.200000,2.240000
321,224,3.210000,2.240000
322,224,3.220000,2.240000
323,225,3.230000,2.250000
324,226,3.240000,2.260000
325,227,3.250000,2.270000
326,228,3.260000,2.280000
327,228,3.270000,2.280000
328,228,3.280000,2.280000
329,229,3.290000,2.290000
330,230,3.300000,2.300000
331,231,3.310000,2.310000
332,232,3.320000,2.320000
333,233,3.330000,2.330000
334,234,3.340000,2.340000
334,235,3.340000,2.350000
335,236,3.350000,2.360000
336,237,3.360000,2.370000
337,238,3.370000,2.380000
338,239,3.380000,2.390000
339,240,3.390000,2.400000
340,241,3.400000,2.410000
341,242,3.410000,2.420000
341,243,3.410000,2.430000
341,244,3.410000,2.440000
342,245,3.420000,2.450000
342,246,3.420000,2.460000
343,247,3.430000,2.470000
344,248,3.440000,2.480000
345,249,3.450000,2.490000
346,250,3.460000,2.500000
347,251,3.470000,2.510000
348,252,3.480000,2.520000
349,252,3.490000,2.520000
350,253,3.500000,2.530000
351,253,3.510000,2.530000
352,254,3.520000,2.540000
353,254,3.530000,2.540000
354,255,3.540000,2.550000
355,256,3.550000,2.560000
356,256,3.560000,2.560000
357,257,3.570000,2.570000
358,258,3.580000,2.580000
359,258,3.590000,2.580000
360,258,3.600000,2.580000
361,258,3.610000,2.580000
362,259,3.620000,2.590000
363,260,3.630000,2.600000
364,261,3.640000,2.610000
365,262,3.650000,2.620000
366,263,3.660000,2.630000
367,264,3.670000,2.640000
368,265,3.680000,2.650000
369,266,3.690000,2.660000
370,267,3.700000,2.670000
371,268,3.710000,2.680000
372,269,3.720000,2.690000
372,270,3.720000,2.700000
373,271,3.730000,2.710000
374,272,3.740000,2.720000
375,273,3.750000,2.730000
376,274,3.760000,2.740000
377,275,3.770000,2.750000
378,276,3.780000,2.760000
379,277,3.790000,2.770000
380,278,3.800000,2.780000
381,279,3.810000,2.790000
382,280,3.820000,2.800000
383,281,3.830000,2.810000
384,282,3.840000,2.820000
385,283,3.850000,2.830000
386,283,3.860000,2.830000
387,284,3.870000,2.840000
388,285,3.880000,2.850000
389,286,3.890000,2.860000
390,286,3.900000,2.860000
391,287,3.910000,2.870000
392,287,3.920000,2.870000
393,288,3.930000,2.880000
394,289,3.940000,2.890000
395,290,3.950000,2.900000
396,291,3.960000,2.910000
397,292,3.970000,2.920000
398,293,3.980000,2.930000
399,293,3.990000,2.930000
400,294,4.000000,2.940000
401,295,4.010000,2.950000
402,296,4.020000,2.960000
403,297,4.030000,2.970000
404,298,4.040000,2.980000
405,299,4.050000,2.990000
406,300,4.060000,3.000000
407,300,4.070000,3.000000
408,301,4.080000,3.010000
409,302,4.090000,3.020000
410,303,4.100000,3.030000
411,304,4.110000,3.040000
412,305,4.120000,3.050000
413,306,4.130000,3.060000
414,307,4.140000,3.070000
415,308,4.150000,3.080000
416,309,4.160000,3.090000
417,310,4.170000,3.100000
418,311,4.180000,3.110000
419,312,4.190000,3.120000
420,313,4.200000,3.130000
421,314,4.210000,3.140000
422,315,4.220000,3.150000
423,316,4.230000,3.160000
424,317,4.240000,3.170000
425,318,4.250000,3.180000
426,319,4.260000,3.190000
427,320,4.270000,3.200000
428,321,4.280000,3.210000
428,322,4.280000,3.220000
429,323,4.290000,3.230000
430,324,4.300000,3.240000
431,325,4.310000,3.250000
432,326,4.320000,3.260000
433,327,4.330000,3.270000
434,327,4.340000,3.270000
435,328,4.350000,3.280000
436,329,4.360000,3.290000
437,330,4.370000,3.300000
438,331,4.380000,3.310000
439,332,4.390000,3.320000
440,333,4.400000,3.330000
441,334,4.410000,3.340000
442,335,4.420000,3.350000
443,336,4.430000,3.360000
444,337,4.440000,3.370000
445,338,4.450000,3.380000
446,338,4.460000,3.380000
447,339,4.470000,3.390000
448,339,4.480000,3.390000
449,340,4.490000,3.400000
450,341,4.500000,3.410000
451,341,4.510000,3.410000
452,342,4.520000,3.420000
453,342,4.530000,3.420000
454,343,4.540000,3.430000
455,344,4.550000,3.440000
456,344,4.560000,3.440000
457,344,4.570000,3.440000
458,344,4.580000,3.440000
459,344,4.590000,3.440000
460,344,4.600000,3.440000
461,344,4.610000,3.440000
462,345,4.620000,3.450000
463,346,4.630000,3.460000
464,346,4.640000,3.460000
465,347,4.650000,3.470000
466,348,4.660000,3.480000
467,349,4.670000,3.490000
468,350,4.680000,3.500000
469,351,4.690000,3.510000
470,352,4.700000,3.520000
471,353,4.710000,3.530000
472,354,4.720000,3.540000
473,355,4.730000,3.550000
474,356,4.740000,3.560000
475,356,4.750000,3.560000
476,357,4.760000,3.570000
477,358,4.770000,3.580000
478,359,4.780000,3.590000
479,360,4.790000,3.600000
480,360,4.800000,3.600000
481,361,4.810000,3.610000
482,362,4.820000,3.620000
483,362,4.830000,3.620000
484,363,4.840000,3.630000
485,363,4.850000,3.630000
486,363,4.860000,3.630000
487,364,4.870000,3.640000
488,365,4.880000,3.650000
489,365,4.890000,3.650000
490,365,4.900000,3.650000
491,365,4.910000,3.650000
492,365,4.920000,3.650000
493,365,4.930000,3.650000
494,365,4.940000,3.650000
495,366,4.950000,3.660000
496,367,4.960000,3.670000
497,368,4.970000,3.680000
498,369,4.980000,3.690000
499,370,4.990000,3.700000
500,371,5.000000,3.710000
501,372,5.010000,3.720000
502,373,5.020000,3.730000
503,374,5.030000,3.740000
504,375,5.040000,3.750000
505,376,5.050000,3.760000
506,377,5.060000,3.770000
507,378,5.070000,3.780000
508,379,5.080000,3.790000
509,380,5.090000,3.800000
510,381,5.100000,3.810000
511,382,5.110000,3.820000
512,383,5.120000,3.830000
513,384,5.130000,3.840000
514,385,5.140000,3.850000
515,386,5.150000,3.860000
516,387,5.160000,3.870000
517,388,5.170000,3.880000
518,389,5.180000,3.890000
519,390,5.190000,3.900000
520,391,5.200000,3.910000
521,392,5.210000,3.920000
522,393,5.220000,3.930000
523,393,5.230000,3.930000
524,394,5.240000,3.940000
525,395,5.250000,3.950000
526,396,5.260000,3.960000
527,396,5.270000,3.960000
528,397,5.280000,3.970000
529,398,5.290000,3.980000
530,399,5.300000,3.990000
531,399,5.310000,3.990000
532,400,5.320000,4.000000
533,401,5.330000,4.010000
534,402,5.340000,4.020000
535,403,5.350000,4.030000
536,404,5.360000,4.040000
537,405,5.370000,4.050000
538,406,5.380000,4.060000
539,407,5.390000,4.070000
540,408,5.400000,4.080000
541,408,5.410000,4.080000
542,408,5.420000,4.080000
543,409,5.430000,4.090000
544,409,5.440000,4.090000
545,410,5.450000,4.100000
546,411,5.460000,4.110000
547,412,5.470000,4.120000
548,413,5.480000,4.130000
549,413,5.490000,4.130000
550,414,5.500000,4.140000
551,415,5.510000,4.150000
552,415,5.520000,4.150000
553,416,5.530000,4.160000
554,417,5.540000,4.170000
555,418,5.550000,4.180000
556,419,5.560000,4.190000
557,420,5.570000,4.200000
558,421,5.580000,4.210000
559,422,5.590000,4.220000
560,423,5.600000,4.230000
561,424,5.610000,4.240000
562,425,5.620000,4.250000
563,426,5.630000,4.260000
564,427,5.640000,4.270000
565,428,5.650000,4.280000
566,429,5.660000,4.290000
567,430,5.670000,4.300000
568,431,5.680000,4.310000
569,432,5.690000,4.320000
570,433,5.700000,4.330000
571,434,5.710000,4.340000
571,435,5.710000,4.350000
572,436,5.720000,4.360000
573,437,5.730000,4.370000
574,438,5.740000,4.380000
575,439,5.750000,4.390000
576,440,5.760000,4.400000
577,441,5.770000,4.410000
578,442,5.780000,4.420000
579,443,5.790000,4.430000
580,444,5.800000,4.440000
581,445,5.810000,4.450000
582,446,5.820000,4.460000
583,446,5.830000,4.460000
584,447,5.840000,4.470000
585,448,5.850000,4.480000
586,449,5.860000,4.490000
587,450,5.870000,4.500000
588,451,5.880000,4.510000
589,452,5.890000,4.520000
590,453,5.900000,4.530000
591,454,5.910000,4.540000
592,455,5.920000,4.550000
593,456,5.930000,4.560000
594,457,5.940000,4.570000
595,458,5.950000,4.580000
596,459,5.960000,4.590000
597,460,5.970000,4.600000
598,461,5.980000,4.610000
599,462,5.990000,4.620000
600,463,6.000000,4.630000
601,464,6.010000,4.640000
602,465,6.020000,4.650000
603,466,6.030000,4.660000
604,467,6.040000,4.670000
605,468,6.050000,4.680000
606,469,6.060000,4.690000
607,470,6.070000,4.700000
608,471,6.080000,4.710000
609,472,6.090000,4.720000
610,473,6.100000,4.730000
611,474,6.110000,4.740000
612,475,6.120000,4.750000
613,476,6.130000,4.760000
614,477,6.140000,4.770000
615,478,6.150000,4.780000
616,478,6.160000,4.780000
617,479,6.170000,4.790000
618,480,6.180000,4.800000
619,480,6.190000,4.800000
620,481,6.200000,4.810000
621,482,6.210000,4.820000
622,482,6.220000,4.820000
623,483,6.230000,4.830000
624,484,6.240000,4.840000
625,485,6.250000,4.850000
626,486,6.260000,4.860000
627,487,6.270000,4.870000
628,488,6.280000,4.880000
629,489,6.290000,4.890000
630,490,6.300000,4.900000
631,491,6.310000,4.910000
632,492,6.320000,4.920000
633,493,6.330000,4.930000
634,493,6.340000,4.930000
635,493,6.350000,4.930000
636,494,6.360000,4.940000
637,495,6.370000,4.950000
638,496,6.380000,4.960000
639,497,6.390000,4.970000
640,498,6.400000,4.980000
641,499,6.410000,4.990000
642,499,6.420000,4.990000
643,500,6.430000,5.000000
644,501,6.440000,5.010000
645,502,6.450000,5.020000
646,503,6.460000,5.030000
647,504,6.470000,5.040000
648,505,6.480000,5.050000
649,506,6.490000,5.060000
650,507,6.500000,5.070000
651,508,6.510000,5.080000
652,509,6.520000,5.090000
653,510,6.530000,5.100000
654,510,6.540000,5.100000
655,511,6.550000,5.110000
656,512,6.560000,5.120000
657,513,6.570000,5.130000
658,514,6.580000,5.140000
659,515,6.590000,5.150000
660,516,6.600000,5.160000
661,517,6.610000,5.170000
662,517,6.620000,5.170000
663,518,6.630000,5.180000
664,519,6.640000,5.190000
665,520,6.650000,5.200000
666,521,6.660000,5.210000
667,521,6.670000,5.210000
668,521,6.680000,5.210000
669,522,6.690000,5.220000
670,523,6.700000,5.230000
671,523,6.710000,5.230000
672,524,6.720000,5.240000
673,525,6.730000,5.250000
674,526,6.740000,5.260000
675,527,6.750000,5.270000
676,528,6.760000,5.280000
677,529,6.770000,5.290000
678,530,6.780000,5.300000
679,531,6.790000,5.310000
680,532,6.800000,5.320000
681,533,6.810000,5.330000
682,534,6.820000,5.340000
683,535,6.830000,5.350000
684,536,6.840000,5.360000
685,537,6.850000,5.370000
686,538,6.860000,5.380000
687,539,6.870000,5.390000
688,539,6.880000,5.390000
689,540,6.890000,5.400000
690,540,6.900000,5.400000
691,541,6.910000,5.410000
692,542,6.920000,5.420000
693,542,6.930000,5.420000
694,543,6.940000,5.430000
695,544,6.950000,5.440000
696,545,6.960000,5.450000
697,546,6.970000,5.460000
698,547,6.980000,5.470000
699,548,6.990000,5.480000
700,548,7.000000,5.480000
701,549,7.010000,5.490000
702,550,7.020000,5.500000
703,551,7.030000,5.510000
704,552,7.040000,5.520000
704,553,7.040000,5.530000
705,554,7.050000,5.540000
706,555,7.060000,5.550000
707,556,7.070000,5.560000
708,557,7.080000,5.570000
709,558,7.090000,5.580000
710,559,7.100000,5.590000
711,560,7.110000,5.600000
712,561,7.120000,5.610000
713,562,7.130000,5.620000
714,563,7.140000,5.630000
715,564,7.150000,5.640000
716,565,7.160000,5.650000
717,566,7.170000,5.660000
718,567,7.180000,5.670000
719,568,7.190000,5.680000
720,569,7.200000,5.690000
721,570,7.210000,5.700000
722,571,7.220000,5.710000
723,572,7.230000,5.720000
723,573,7.230000,5.730000
724,574,7.240000,5.740000
725,575,7.250000,5.750000
726,576,7.260000,5.760000
727,577,7.270000,5.770000
728,578,7.280000,5.780000
729,579,7.290000,5.790000
730,580,7.300000,5.800000
731,581,7.310000,5.810000
732,582,7.320000,5.820000
733,583,7.330000,5.830000
734,584,7.340000,5.840000
735,585,7.350000,5.850000
736,586,7.360000,5.860000
737,587,7.370000,5.870000
738,588,7.380000,5.880000
739,589,7.390000,5.890000
740,590,7.400000,5.900000
741,591,7.410000,5.910000
742,592,7.420000,5.920000
743,593,7.430000,5.930000
744,594,7.440000,5.940000
745,595,7.450000,5.950000
746,596,7.460000,5.960000
747,597,7.470000,5.970000
748,598,7.480000,5.980000
749,599,7.490000,5.990000
750,600,7.500000,6.000000
751,601,7.510000,6.010000
752,602,7.520000,6.020000
753,603,7.530000,6.030000
754,604,7.540000,6.040000
755,605,7.550000,6.050000
756,606,7.560000,6.060000
757,607,7.570000,6.070000
758,608,7.580000,6.080000
759,609,7.590000,6.090000
760,610,7.600000,6.100000
761,611,7.610000,6.110000
762,612,7.620000,6.120000
763,613,7.630000,6.130000
764,614,7.640000,6.140000
765,615,7.650000,6.150000
766,616,7.660000,6.160000
767,617,7.670000,6.170000
768,618,7.680000,6.180000
769,619,7.690000,6.190000
770,620,7.700000,6.200000
771,621,7.710000,6.210000
772,622,7.720000,6.220000
773,623,7.730000,6.230000
774,624,7.740000,6.240000
775,625,7.750000,6.250000
776,626,7.760000,6.260000
777,627,7.770000,6.270000
778,628,7.780000,6.280000
779,629,7.790000,6.290000
780,630,7.800000,6.300000
781,631,7.810000,6.310000
782,632,7.820000,6.320000
783,633,7.830000,6.330000
784,634,7.840000,6.340000
785,635,7.850000,6.350000
786,636,7.860000,6.360000
787,637,7.870000,6.370000
788,638,7.880000,6.380000
789,639,7.890000,6.390000
790,640,7.900000,6.400000
791,641,7.910000,6.410000
792,642,7.920000,6.420000
793,643,7.930000,6.430000
794,644,7.940000,6.440000
795,645,7.950000,6.450000
796,646,7.960000,6.460000
797,647,7.970000,6.470000
798,648,7.980000,6.480000
799,649,7.990000,6.490000
800,650,8.000000,6.500000
801,651,8.010000,6.510000
802,652,8.020000,6.520000
803,653,8.030000,6.530000
804,653,8.040000,6.530000
805,653,8.050000,6.530000
806,654,8.060000,6.540000
807,655,8.070000,6.550000
808,656,8.080000,6.560000
809,657,8.090000,6.570000
810,658,8.100000,6.580000
810,659,8.100000,6.590000
811,660,8.110000,6.600000
812,661,8.120000,6.610000
813,662,8.130000,6.620000
814,663,8.140000,6.630000
815,664,8.150000,6.640000
816,665,8.160000,6.650000
817,666,8.170000,6.660000
818,666,8.180000,6.660000
819,667,8.190000,6.670000
820,668,8.200000,6.680000
821,669,8.210000,6.690000
822,670,8.220000,6.700000
823,670,8.230000,6.700000
824,671,8.240000,6.710000
825,672,8.250000,6.720000
826,673,8.260000,6.730000
827,673,8.270000,6.730000
828,674,8.280000,6.740000
829,675,8.290000,6.750000
830,676,8.300000,6.760000
831,677,8.310000,6.770000
832,677,8.320000,6.770000
833,678,8.330000,6.780000
834,678,8.340000,6.780000
835,679,8.350000,6.790000
836,680,8.360000,6.800000
837,681,8.370000,6.810000
838,682,8.380000,6.820000
839,683,8.390000,6.830000
840,683,8.400000,6.830000
841,683,8.410000,6.830000
842,684,8.420000,6.840000
843,685,8.430000,6.850000
844,686,8.440000,6.860000
845,687,8.450000,6.870000
846,688,8.460000,6.880000
847,688,8.470000,6.880000
848,689,8.480000,6.890000
849,690,8.490000,6.900000
850,690,8.500000,6.900000
851,690,8.510000,6.900000
852,690,8.520000,6.900000
853,691,8.530000,6.910000
854,691,8.540000,6.910000
855,692,8.550000,6.920000
856,693,8.560000,6.930000
857,694,8.570000,6.940000
858,695,8.580000,6.950000
859,696,8.590000,6.960000
860,697,8.600000,6.970000
861,698,8.610000,6.980000
862,699,8.620000,6.990000
863,700,8.630000,7.000000
864,700,8.640000,7.000000
865,700,8.650000,7.000000
866,701,8.660000,7.010000
867,701,8.670000,7.010000
868,702,8.680000,7.020000
869,703,8.690000,7.030000
870,704,8.700000,7.040000
871,705,8.710000,7.050000
872,705,8.720000,7.050000
873,706,8.730000,7.060000
874,707,8.740000,7.070000
875,708,8.750000,7.080000
876,709,8.760000,7.090000
877,709,8.770000,7.090000
878,710,8.780000,7.100000
879,710,8.790000,7.100000
880,710,8.800000,7.100000
881,711,8.810000,7.110000
882,712,8.820000,7.120000
883,713,8.830000,7.130000
884,714,8.840000,7.140000
885,715,8.850000,7.150000
886,716,8.860000,7.160000
887,717,8.870000,7.170000
888,718,8.880000,7.180000
889,719,8.890000,7.190000
890,719,8.900000,7.190000
891,720,8.910000,7.200000
892,720,8.920000,7.200000
893,721,8.930000,7.210000
894,721,8.940000,7.210000
895,722,8.950000,7.220000
896,723,8.960000,7.230000
897,723,8.970000,7.230000
898,724,8.980000,7.240000
899,725,8.990000,7.250000
900,726,9.000000,7.260000
901,726,9.010000,7.260000
902,726,9.020000,7.260000
903,727,9.030000,7.270000
904,728,9.040000,7.280000
905,729,9.050000,7.290000
906,730,9.060000,7.300000
907,731,9.070000,7.310000
908,731,9.080000,7.310000
909,732,9.090000,7.320000
910,733,9.100000,7.330000
911,734,9.110000,7.340000
912,735,9.120000,7.350000
913,736,9.130000,7.360000
914,736,9.140000,7.360000
915,737,9.150000,7.370000
916,737,9.160000,7.370000
917,738,9.170000,7.380000
918,739,9.180000,7.390000
919,740,9.190000,7.400000
920,741,9.200000,7.410000
921,742,9.210000,7.420000
922,743,9.220000,7.430000
923,744,9.230000,7.440000
924,745,9.240000,7.450000
925,746,9.250000,7.460000
926,747,9.260000,7.470000
927,748,9.270000,7.480000
928,749,9.280000,7.490000
929,750,9.290000,7.500000
930,751,9.300000,7.510000
931,752,9.310000,7.520000
932,753,9.320000,7.530000
933,754,9.330000,7.540000
934,755,9.340000,7.550000
935,756,9.350000,7.560000
936,757,9.360000,7.570000
937,758,9.370000,7.580000
938,759,9.380000,7.590000
939,760,9.390000,7.600000
940,761,9.400000,7.610000
941,762,9.410000,7.620000
942,763,9.420000,7.630000
943,764,9.430000,7.640000
944,765,9.440000,7.650000
945,766,9.450000,7.660000
946,767,9.460000,7.670000
947,767,9.470000,7.670000
948,768,9.480000,7.680000
949,769,9.490000,7.690000
950,770,9.500000,7.700000
951,771,9.510000,7.710000
952,772,9.520000,7.720000
953,773,9.530000,7.730000
954,774,9.540000,7.740000
955,774,9.550000,7.740000
956,775,9.560000,7.750000
957,776,9.570000,7.760000
958,777,9.580000,7.770000
959,778,9.590000,7.780000
960,779,9.600000,7.790000
961,780,9.610000,7.800000
962,781,9.620000,7.810000
963,782,9.630000,7.820000
964,783,9.640000,7.830000
965,783,9.650000,7.830000
966,784,9.660000,7.840000
967,785,9.670000,7.850000
968,786,9.680000,7.860000
969,787,9.690000,7.870000
970,787,9.700000,7.870000
971,788,9.710000,7.880000
972,789,9.720000,7.890000
973,790,9.730000,7.900000
974,791,9.740000,7.910000
975,791,9.750000,7.910000
976,792,9.760000,7.920000
977,793,9.770000,7.930000
978,793,9.780000,7.930000
979,794,9.790000,7.940000
980,795,9.800000,7.950000
981,796,9.810000,7.960000
982,796,9.820000,7.960000
983,796,9.830000,7.960000
984,796,9.840000,7.960000
985,796,9.850000,7.960000
986,796,9.860000,7.960000
987,796,9.870000,7.960000
988,796,9.880000,7.960000
989,796,9.890000,7.960000
990,796,9.900000,7.960000
991,796,9.910000,7.960000
992,796,9.920000,7.960000
993,796,9.930000,7.960000
994,797,9.940000,7.970000
995,798,9.950000,7.980000
996,799,9.960000,7.990000
997,799,9.970000,7.990000
998,799,9.980000,7.990000
999,799,9.990000,7.990000
1000,799,10.000000,7.990000
1001,799,10.010000,7.990000
1002,799,10.020000,7.990000
1003,799,10.030000,7.990000
1004,799,10.040000,7.990000
1005,800,10.050000,8.000000
1006,801,10.060000,8.010000
1007,802,10.070000,8.020000
1008,803,10.080000,8.030000
1009,804,10.090000,8.040000
1010,804,10.100000,8.040000
1011,804,10.110000,8.040000
1012,805,10.120000,8.050000
1013,805,10.130000,8.050000
1014,806,10.140000,8.060000
1015,807,10.150000,8.070000
1016,808,10.160000,8.080000
1017,808,10.170000,8.080000
1018,809,10.180000,8.090000
1019,810,10.190000,8.100000
1020,810,10.200000,8.100000
1021,811,10.210000,8.110000
1022,812,10.220000,8.120000
1023,812,10.230000,8.120000
1024,813,10.240000,8.130000
1025,814,10.250000,8.140000
1026,815,10.260000,8.150000
1027,816,10.270000,8.160000
1028,817,10.280000,8.170000
1029,818,10.290000,8.180000
1030,819,10.300000,8.190000
1031,820,10.310000,8.200000
1032,821,10.320000,8.210000
1033,822,10.330000,8.220000
1034,823,10.340000,8.230000
1035,824,10.350000,8.240000
1036,825,10.360000,8.250000
1037,826,10.370000,8.260000
1038,827,10.380000,8.270000
1039,828,10.390000,8.280000
1040,829,10.400000,8.290000
1041,830,10.410000,8.300000
1042,831,10.420000,8.310000
1043,832,10.430000,8.320000
1044,833,10.440000,8.330000
1045,834,10.450000,8.340000
1046,835,10.460000,8.350000
1047,836,10.470000,8.360000
1048,837,10.480000,8.370000
1049,838,10.490000,8.380000
1050,839,10.500000,8.390000
1051,839,10.510000,8.390000
1052,840,10.520000,8.400000
1053,841,10.530000,8.410000
1054,841,10.540000,8.410000
1055,842,10.550000,8.420000
1056,843,10.560000,8.430000
1057,844,10.570000,8.440000
1058,845,10.580000,8.450000
1059,846,10.590000,8.460000
1060,847,10.600000,8.470000
1061,848,10.610000,8.480000
1062,849,10.620000,8.490000
1063,850,10.630000,8.500000
1064,851,10.640000,8.510000
1065,851,10.650000,8.510000
1066,852,10.660000,8.520000
1067,853,10.670000,8.530000
1068,854,10.680000,8.540000
1069,855,10.690000,8.550000
1070,855,10.700000,8.550000
1071,856,10.710000,8.560000
1072,857,10.720000,8.570000
1073,858,10.730000,8.580000
1074,859,10.740000,8.590000
1075,860,10.750000,8.600000
1076,861,10.760000,8.610000
1077,862,10.770000,8.620000
1078,862,10.780000,8.620000
1079,862,10.790000,8.620000
1080,862,10.800000,8.620000
1081,863,10.810000,8.630000
1082,864,10.820000,8.640000
1083,865,10.830000,8.650000
1083,866,10.830000,8.660000
1084,867,10.840000,8.670000
1085,868,10.850000,8.680000
1086,869,10.860000,8.690000
1086,870,10.860000,8.700000
1087,871,10.870000,8.710000
1088,872,10.880000,8.720000
1089,873,10.890000,8.730000
1090,874,10.900000,8.740000
1091,875,10.910000,8.750000
1092,876,10.920000,8.760000
1093,876,10.930000,8.760000
1094,876,10.940000,8.760000
1095,876,10.950000,8.760000
1096,877,10.960000,8.770000
1097,878,10.970000,8.780000
1098,879,10.980000,8.790000
1099,880,10.990000,8.800000
1100,881,11.000000,8.810000
1101,882,11.010000,8.820000
1102,883,11.020000,8.830000
1103,884,11.030000,8.840000
1104,885,11.040000,8.850000
1105,886,11.050000,8.860000
1106,887,11.060000,8.870000
1107,887,11.070000,8.870000
1108,888,11.080000,8.880000
1109,889,11.090000,8.890000
1110,890,11.100000,8.900000
1111,891,11.110000,8.910000
1112,892,11.120000,8.920000
1113,893,11.130000,8.930000
1114,894,11.140000,8.940000
1115,894,11.150000,8.940000
1116,895,11.160000,8.950000
1117,896,11.170000,8.960000
1118,897,11.180000,8.970000
1119,898,11.190000,8.980000
1120,898,11.200000,8.980000
1121,899,11.210000,8.990000
1122,899,11.220000,8.990000
1123,900,11.230000,9.000000
1124,901,11.240000,9.010000
1125,902,11.250000,9.020000
1126,903,11.260000,9.030000
1127,904,11.270000,9.040000
1128,905,11.280000,9.050000
1129,906,11.290000,9.060000
1130,907,11.300000,9.070000
1131,908,11.310000,9.080000
1132,908,11.320000,9.080000
1133,909,11.330000,9.090000
1134,910,11.340000,9.100000
1135,911,11.350000,9.110000
1136,912,11.360000,9.120000
1137,913,11.370000,9.130000
1138,914,11.380000,9.140000
1139,915,11.390000,9.150000
1140,916,11.400000,9.160000
1141,917,11.410000,9.170000
1142,918,11.420000,9.180000
1143,919,11.430000,9.190000
1144,920,11.440000,9.200000
1145,920,11.450000,9.200000
1146,921,11.460000,9.210000
1147,922,11.470000,9.220000
1148,922,11.480000,9.220000
1149,923,11.490000,9.230000
1150,924,11.500000,9.240000
1151,925,11.510000,9.250000
1152,926,11.520000,9.260000
1153,927,11.530000,9.270000
1154,927,11.540000,9.270000
1155,928,11.550000,9.280000
1156,929,11.560000,9.290000
1157,929,11.570000,9.290000
1158,930,11.580000,9.300000
1159,931,11.590000,9.310000
1160,932,11.600000,9.320000
1161,933,11.610000,9.330000
1162,934,11.620000,9.340000
1163,935,11.630000,9.350000
1164,936,11.640000,9.360000
1164,937,11.640000,9.370000
1165,938,11.650000,9.380000
1166,939,11.660000,9.390000
1167,940,11.670000,9.400000
1168,941,11.680000,9.410000
1169,942,11.690000,9.420000
1169,943,11.690000,9.430000
1170,944,11.700000,9.440000
1171,945,11.710000,9.450000
1172,946,11.720000,9.460000
1173,947,11.730000,9.470000
1174,948,11.740000,9.480000
1175,949,11.750000,9.490000
1176,950,11.760000,9.500000
1177,951,11.770000,9.510000
1178,952,11.780000,9.520000
1179,953,11.790000,9.530000
1180,954,11.800000,9.540000
1181,955,11.810000,9.550000
1182,956,11.820000,9.560000
1183,957,11.830000,9.570000
1184,958,11.840000,9.580000
1185,959,11.850000,9.590000
1186,960,11.860000,9.600000
1187,961,11.870000,9.610000
1188,962,11.880000,9.620000
1189,963,11.890000,9.630000
1190,964,11.900000,9.640000
1191,965,11.910000,9.650000
1192,966,11.920000,9.660000
1193,967,11.930000,9.670000
1194,968,11.940000,9.680000
1195,969,11.950000,9.690000
1196,970,11.960000,9.700000
1197,971,11.970000,9.710000
1198,972,11.980000,9.720000
1199,973,11.990000,9.730000
1200,974,12.000000,9.740000
1201,975,12.010000,9.750000
1202,976,12.020000,9.760000
1202,977,12.020000,9.770000
1202,978,12.020000,9.780000
1202,979,12.020000,9.790000
1202,980,12.020000,9.800000
1202,981,12.020000,9.810000
1202,982,12.020000,9.820000
1202,983,12.020000,9.830000
1202,984,12.020000,9.840000
1202,985,12.020000,9.850000
1202,986,12.020000,9.860000
1202,987,12.020000,9.870000
1202,988,12.020000,9.880000
1202,989,12.020000,9.890000
1202,990,12.020000,9.900000
1202,991,12.020000,9.910000
1202,992,12.020000,9.920000
1202,993,12.020000,9.930000
1202,994,12.020000,9.940000
1202,995,12.020000,9.950000
1202,996,12.020000,9.960000
1202,997,12.020000,9.970000
1202,998,12.020000,9.980000
1202,999,12.020000,9.990000
1202,1000,12.020000,10.000000
1202,1001,12.020000,10.010000
1202,1002,12.020000,10.020000
1202,1003,12.020000,10.030000
1202,1004,12.020000,10.040000
1202,1005,12.020000,10.050000
1202,1006,12.020000,10.060000
1202,1007,12.020000,10.070000
1202,1008,12.020000,10.080000
1202,1009,12.020000,10.090000
1202,1010,12.020000,10.100000
1202,1011,12.020000,10.110000
1202,1012,12.020000,10.120000
1202,1013,12.020000,10.130000
1202,1014,12.020000,10.140000
1202,1015,12.020000,10.150000
1202,1016,12.020000,10.160000
1202,1017,12.020000,10.170000
1202,1018,12.020000,10.180000
1202,1019,12.020000,10.190000
1202,1020,12.020000,10.200000
1202,1021,12.020000,10.210000
1202,1022,12.020000,10.220000
1202,1023,12.020000,10.230000
1202,1024,12.020000,10.240000
1202,1025,12.020000,10.250000
1202,1026,12.020000,10.260000
1202,1027,12.020000,10.270000
1202,1028,12.020000,10.280000
1202,1029,12.020000,10.290000
1202,1030,12.020000,10.300000
1202,1031,12.020000,10.310000
1202,1032,12.020000,10.320000
1202,1033,12.020000,10.330000
1202,1034,12.020000,10.340000
1202,1035,12.020000,10.350000
1202,1036,12.020000,10.360000
1202,1037,12.020000,10.370000
1202,1038,12.020000,10.380000
1202,1039,12.020000,10.390000
1202,1040,12.020000,10.400000
1202,1041,12.020000,10.410000
1202,1042,12.020000,10.420000
1202,1043,12.020000,10.430000
1202,1044,12.020000,10.440000
1202,1045,12.020000,10.450000
1202,1046,12.020000,10.460000
1202,1047,12.020000,10.470000
1202,1048,12.020000,10.480000
1202,1049,12.020000,10.490000
1202,1050,12.020000,10.500000
1202,1051,12.020000,10.510000
1202,1052,12.020000,10.520000
1202,1053,12.020000,10.530000
1202,1054,12.020000,10.540000
1202,1055,12.020000,10.550000
1202,1056,12.020000,10.560000
1202,1057,12.020000,10.570000
1202,1058,12.020000,10.580000
1202,1059,12.020000,10.590000
